Frame,Model,Class,Confidence,X1,Y1,X2,Y2
0,YOLOv10,person,0.93,74,231,494,479
0,YOLOv11,person,0.92,77,231,494,479
1,YOLOv10,person,0.93,68,230,502,479
1,YOLOv11,person,0.92,72,229,501,479
2,YOLOv10,person,0.93,68,230,501,479
2,YOLOv11,person,0.93,72,229,501,479
3,YOLOv10,person,0.94,68,230,501,479
3,YOLOv11,person,0.92,72,229,501,479
4,YOLOv10,person,0.94,68,230,501,479
4,YOLOv11,person,0.92,72,229,501,479
5,YOLOv10,person,0.93,69,230,501,479
5,YOLOv11,person,0.93,72,229,501,479
6,YOLOv10,person,0.94,69,230,501,479
6,YOLOv11,person,0.93,72,229,501,479
7,YOLOv10,person,0.94,69,230,501,479
7,YOLOv11,person,0.93,72,229,501,479
8,YOLOv10,person,0.93,69,230,501,479
8,YOLOv11,person,0.93,72,229,500,479
9,YOLOv10,person,0.94,68,230,501,479
9,YOLOv11,person,0.93,72,229,501,479
10,YOLOv10,person,0.94,69,230,501,479
10,YOLOv11,person,0.93,72,229,500,479
11,YOLOv10,person,0.94,69,230,501,479
11,YOLOv11,person,0.93,72,229,500,479
12,YOLOv10,person,0.94,69,230,501,479
12,YOLOv11,person,0.93,73,230,500,479
13,YOLOv10,person,0.94,69,229,502,479
13,YOLOv11,person,0.93,72,229,501,479
14,YOLOv10,person,0.94,69,229,502,479
14,YOLOv11,person,0.93,72,229,501,479
15,YOLOv10,person,0.94,69,230,501,479
15,YOLOv11,person,0.93,73,230,500,479
16,YOLOv10,person,0.93,69,230,500,479
16,YOLOv11,person,0.93,73,230,500,479
17,YOLOv10,person,0.93,69,230,500,479
17,YOLOv11,person,0.93,73,230,500,479
18,YOLOv10,person,0.94,68,230,501,479
18,YOLOv11,person,0.93,72,229,501,479
19,YOLOv10,person,0.94,69,230,501,479
19,YOLOv11,person,0.93,72,230,501,479
20,YOLOv10,person,0.93,69,230,501,479
20,YOLOv11,person,0.93,72,230,501,479
21,YOLOv10,person,0.93,69,230,501,479
21,YOLOv11,person,0.93,72,230,501,479
22,YOLOv10,person,0.94,69,230,500,479
22,YOLOv11,person,0.92,73,230,502,479
23,YOLOv10,person,0.94,69,230,500,479
23,YOLOv11,person,0.92,73,230,502,479
24,YOLOv10,person,0.94,69,231,500,479
24,YOLOv11,person,0.92,73,230,500,479
25,YOLOv10,person,0.93,69,230,500,479
25,YOLOv11,person,0.93,73,230,500,479
26,YOLOv10,person,0.93,69,230,500,479
26,YOLOv11,person,0.93,73,230,500,479
27,YOLOv10,person,0.93,69,230,500,479
27,YOLOv11,person,0.92,73,230,500,479
28,YOLOv10,person,0.93,69,231,500,479
28,YOLOv11,person,0.92,73,230,498,479
29,YOLOv10,person,0.94,69,230,500,479
29,YOLOv11,person,0.93,72,230,500,479
30,YOLOv10,person,0.93,69,230,500,479
30,YOLOv11,person,0.92,72,230,500,479
31,YOLOv10,person,0.93,69,230,500,479
31,YOLOv11,person,0.92,72,230,500,479
32,YOLOv10,person,0.93,69,230,500,479
32,YOLOv11,person,0.92,73,230,500,479
33,YOLOv10,person,0.94,69,230,500,479
33,YOLOv11,person,0.93,73,230,500,479
34,YOLOv10,person,0.94,69,230,500,479
34,YOLOv11,person,0.93,73,230,500,479
35,YOLOv10,person,0.93,69,230,500,479
35,YOLOv11,person,0.93,73,230,500,479
36,YOLOv10,person,0.93,69,230,500,479
36,YOLOv11,person,0.93,73,230,500,479
37,YOLOv10,person,0.93,69,230,500,479
37,YOLOv11,person,0.93,73,230,500,479
38,YOLOv10,person,0.93,69,230,500,479
38,YOLOv11,person,0.93,73,230,500,479
39,YOLOv10,person,0.93,69,230,500,479
39,YOLOv11,person,0.93,73,230,500,479
40,YOLOv10,person,0.93,69,231,500,479
40,YOLOv11,person,0.93,73,230,501,479
41,YOLOv10,person,0.93,69,230,500,479
41,YOLOv11,person,0.92,73,230,500,479
42,YOLOv10,person,0.93,69,231,500,479
42,YOLOv11,person,0.92,73,230,500,479
43,YOLOv10,person,0.93,69,231,502,479
43,YOLOv11,person,0.93,73,230,501,479
44,YOLOv10,person,0.93,69,231,502,479
44,YOLOv11,person,0.93,73,230,501,479
45,YOLOv10,person,0.93,69,231,500,479
45,YOLOv11,person,0.93,73,230,500,479
46,YOLOv10,person,0.91,69,232,501,479
46,YOLOv11,person,0.92,73,231,500,479
47,YOLOv10,person,0.91,69,231,500,479
47,YOLOv11,person,0.93,74,231,500,479
48,YOLOv10,person,0.93,70,232,498,479
48,YOLOv11,person,0.92,74,232,498,479
49,YOLOv10,person,0.93,68,230,502,479
49,YOLOv11,person,0.92,70,230,502,479
50,YOLOv10,person,0.91,69,232,498,479
50,YOLOv11,person,0.92,73,232,497,479
51,YOLOv10,person,0.91,66,230,502,479
51,YOLOv11,person,0.94,70,230,502,479
52,YOLOv10,person,0.9,69,231,500,479
52,YOLOv11,person,0.93,73,230,500,479
53,YOLOv10,person,0.91,70,232,501,479
53,YOLOv11,person,0.92,74,232,502,479
54,YOLOv10,person,0.91,70,232,501,479
54,YOLOv11,person,0.92,74,232,502,479
55,YOLOv10,person,0.93,68,229,502,479
55,YOLOv11,person,0.93,72,229,502,479
56,YOLOv10,person,0.91,68,230,502,479
56,YOLOv11,person,0.93,72,230,501,479
57,YOLOv10,person,0.94,69,230,502,479
57,YOLOv11,person,0.94,72,230,501,479
58,YOLOv10,person,0.9,69,230,502,479
58,YOLOv11,person,0.93,73,230,501,479
59,YOLOv10,person,0.93,69,231,501,479
59,YOLOv11,person,0.92,73,230,500,479
60,YOLOv10,person,0.92,70,232,500,479
60,YOLOv11,person,0.93,76,231,500,479
61,YOLOv10,person,0.92,68,229,504,479
61,YOLOv11,person,0.93,70,229,502,479
62,YOLOv10,person,0.92,68,228,504,479
62,YOLOv11,person,0.93,70,228,502,479
63,YOLOv10,person,0.92,72,232,500,479
63,YOLOv11,person,0.93,76,232,498,479
64,YOLOv10,person,0.92,68,229,504,479
64,YOLOv11,person,0.93,70,229,504,479
65,YOLOv10,person,0.91,68,230,504,479
65,YOLOv11,person,0.93,72,229,501,479
66,YOLOv10,person,0.9,70,231,501,479
66,YOLOv11,person,0.92,73,230,501,479
67,YOLOv10,person,0.91,70,232,501,479
67,YOLOv11,person,0.92,74,232,501,479
68,YOLOv10,person,0.91,70,232,501,479
68,YOLOv11,person,0.92,74,232,501,479
69,YOLOv10,person,0.93,66,228,504,479
69,YOLOv11,person,0.94,70,228,502,479
70,YOLOv10,person,0.89,73,232,498,479
70,YOLOv11,person,0.92,76,232,500,479
71,YOLOv10,person,0.9,73,233,500,479
71,YOLOv11,person,0.93,74,233,500,479
72,YOLOv10,person,0.91,65,227,506,479
72,YOLOv11,person,0.94,68,226,505,479
73,YOLOv10,person,0.91,74,234,494,479
73,YOLOv11,person,0.92,78,233,494,479
74,YOLOv10,person,0.92,66,230,502,479
74,YOLOv11,person,0.93,69,229,502,479
75,YOLOv10,person,0.88,74,232,498,479
75,YOLOv11,person,0.92,77,232,498,479
76,YOLOv10,person,0.9,73,233,497,479
76,YOLOv11,person,0.91,76,233,497,479
77,YOLOv10,person,0.91,69,229,502,479
77,YOLOv11,person,0.93,73,228,501,479
78,YOLOv10,person,0.91,76,233,494,479
78,YOLOv11,person,0.92,77,233,494,479
79,YOLOv10,person,0.92,69,230,498,479
79,YOLOv11,person,0.93,73,229,500,479
80,YOLOv10,person,0.92,69,230,498,479
80,YOLOv11,person,0.93,73,229,500,479
81,YOLOv10,person,0.92,74,232,492,479
81,YOLOv11,person,0.92,77,232,492,479
82,YOLOv10,person,0.92,70,230,497,479
82,YOLOv11,person,0.93,74,230,497,479
83,YOLOv10,person,0.92,69,230,500,479
83,YOLOv11,person,0.93,73,229,498,479
84,YOLOv10,person,0.87,76,231,494,479
84,YOLOv11,person,0.92,78,231,494,479
85,YOLOv10,person,0.92,73,231,494,479
85,YOLOv11,person,0.92,76,231,494,479
86,YOLOv10,person,0.91,73,232,494,479
86,YOLOv11,person,0.91,77,231,494,479
87,YOLOv10,person,0.91,74,231,494,479
87,YOLOv11,person,0.91,77,230,493,479
88,YOLOv10,person,0.92,73,231,494,479
88,YOLOv11,person,0.92,77,231,494,479
89,YOLOv10,person,0.91,73,231,494,479
89,YOLOv11,person,0.92,76,231,494,479
90,YOLOv10,person,0.92,72,231,494,479
90,YOLOv11,person,0.92,76,231,493,479
91,YOLOv10,person,0.93,72,230,496,479
91,YOLOv11,person,0.92,76,230,496,479
92,YOLOv10,person,0.93,72,230,496,479
92,YOLOv11,person,0.92,76,230,496,479
93,YOLOv10,person,0.92,70,229,497,479
93,YOLOv11,person,0.93,74,229,496,479
94,YOLOv10,person,0.93,70,229,498,479
94,YOLOv11,person,0.92,74,228,498,479
95,YOLOv10,person,0.93,68,228,500,479
95,YOLOv11,person,0.92,73,227,500,479
96,YOLOv10,person,0.94,68,228,501,479
96,YOLOv11,person,0.93,72,227,500,479
97,YOLOv10,person,0.94,68,227,501,479
97,YOLOv11,person,0.92,72,227,500,479
98,YOLOv10,person,0.94,69,227,501,479
98,YOLOv11,person,0.93,72,227,501,479
99,YOLOv10,person,0.93,68,227,502,479
99,YOLOv11,person,0.93,70,226,502,479
100,YOLOv10,person,0.94,68,227,504,479
100,YOLOv11,person,0.93,70,226,502,479
101,YOLOv10,person,0.94,68,227,504,479
101,YOLOv11,person,0.93,70,226,502,479
102,YOLOv10,person,0.94,66,227,504,479
102,YOLOv11,person,0.94,69,226,502,479
103,YOLOv10,person,0.93,66,226,505,479
103,YOLOv11,person,0.94,69,225,505,479
104,YOLOv10,person,0.94,68,227,504,479
104,YOLOv11,person,0.93,70,227,502,479
105,YOLOv10,person,0.94,65,225,505,479
105,YOLOv11,person,0.93,68,225,504,479
106,YOLOv10,person,0.94,68,227,502,479
106,YOLOv11,person,0.93,70,226,502,479
107,YOLOv10,person,0.95,57,216,517,479
107,YOLOv11,person,0.94,57,216,516,479
108,YOLOv10,person,0.95,57,216,517,479
108,YOLOv11,person,0.94,57,216,516,479
109,YOLOv10,person,0.92,62,215,510,479
109,YOLOv11,person,0.92,62,215,510,479
110,YOLOv10,person,0.93,72,221,498,479
110,YOLOv11,person,0.93,74,220,497,479
111,YOLOv10,person,0.91,53,206,517,479
111,YOLOv11,person,0.91,49,211,520,479
112,YOLOv10,person,0.87,28,190,534,479
112,YOLOv11,person,0.94,26,191,534,479
113,YOLOv10,person,0.95,2,160,581,479
113,YOLOv11,person,0.94,0,162,581,478
114,YOLOv10,person,0.96,4,158,574,479
114,YOLOv11,person,0.93,1,159,578,478
115,YOLOv10,person,0.95,16,183,540,479
115,YOLOv11,person,0.94,14,183,540,479
116,YOLOv10,person,0.95,16,183,540,479
116,YOLOv11,person,0.94,14,183,540,479
117,YOLOv10,person,0.96,29,190,534,479
117,YOLOv11,person,0.95,29,190,534,479
118,YOLOv10,person,0.92,46,198,518,479
118,YOLOv11,person,0.92,45,198,521,479
119,YOLOv10,person,0.94,62,214,506,479
119,YOLOv11,person,0.93,65,214,504,479
120,YOLOv10,person,0.94,64,214,509,479
120,YOLOv11,person,0.93,65,214,508,479
121,YOLOv10,person,0.95,62,214,506,479
121,YOLOv11,person,0.91,64,214,506,479
122,YOLOv10,person,0.95,62,214,506,479
122,YOLOv11,person,0.93,64,214,506,479
123,YOLOv10,person,0.94,62,214,506,479
123,YOLOv11,person,0.93,65,214,505,479
124,YOLOv10,person,0.94,68,217,504,479
124,YOLOv11,person,0.93,70,216,504,479
125,YOLOv10,person,0.93,66,217,505,479
125,YOLOv11,person,0.94,68,217,505,479
126,YOLOv10,person,0.93,66,217,505,479
126,YOLOv11,person,0.94,68,217,505,479
127,YOLOv10,person,0.94,60,214,510,479
127,YOLOv11,person,0.94,58,214,509,479
128,YOLOv10,person,0.82,41,203,525,479
128,YOLOv11,person,0.9,33,204,524,479
129,YOLOv10,person,0.67,2,171,580,479
129,YOLOv11,person,0.88,1,176,574,478
130,YOLOv10,person,0.92,1,154,586,479
130,YOLOv11,person,0.94,0,152,585,478
131,YOLOv10,person,0.95,2,134,592,478
131,YOLOv11,person,0.94,0,135,593,477
132,YOLOv10,person,0.96,1,121,609,478
132,YOLOv11,person,0.94,1,121,606,476
133,YOLOv10,person,0.96,1,114,621,477
133,YOLOv11,person,0.94,1,114,621,478
134,YOLOv10,person,0.88,1,105,637,471
134,YOLOv11,person,0.92,1,105,637,476
135,YOLOv10,person,0.89,1,100,638,473
135,YOLOv11,person,0.92,0,98,638,476
136,YOLOv10,person,0.87,1,100,637,472
136,YOLOv11,person,0.91,0,99,638,476
137,YOLOv10,person,0.87,1,100,637,472
137,YOLOv11,person,0.91,0,99,638,476
138,YOLOv10,person,0.87,1,100,637,472
138,YOLOv11,person,0.91,0,99,638,476
139,YOLOv10,person,0.97,1,112,610,478
139,YOLOv11,person,0.95,0,113,612,477
140,YOLOv10,person,0.82,1,130,588,479
140,YOLOv11,person,0.88,1,128,588,478
141,YOLOv10,person,0.96,1,146,584,479
141,YOLOv11,person,0.93,0,145,580,478
142,YOLOv11,person,0.59,0,126,604,476
143,YOLOv10,vase,0.52,218,75,388,402
143,YOLOv11,toothbrush,0.67,217,33,398,401
144,YOLOv10,person,0.8,1,20,637,410
144,YOLOv11,person,0.88,0,20,638,419
145,YOLOv11,toothbrush,0.66,225,90,405,447
146,YOLOv10,person,0.96,10,152,612,478
146,YOLOv11,person,0.94,8,152,610,479
147,YOLOv10,person,0.97,12,151,616,478
147,YOLOv11,person,0.94,14,151,614,479
148,YOLOv10,person,0.97,12,151,616,478
148,YOLOv11,person,0.94,14,151,614,479
149,YOLOv10,person,0.96,21,159,608,478
149,YOLOv11,person,0.94,18,160,609,479
150,YOLOv10,person,0.96,25,165,605,479
150,YOLOv11,person,0.94,18,166,605,479
151,YOLOv10,person,0.96,34,166,604,479
151,YOLOv11,person,0.94,33,167,605,479
152,YOLOv10,person,0.96,38,169,604,479
152,YOLOv11,person,0.94,36,168,602,479
153,YOLOv10,person,0.95,41,172,601,479
153,YOLOv11,person,0.94,41,170,600,479
154,YOLOv10,person,0.95,49,174,597,479
154,YOLOv11,person,0.95,50,173,596,479
155,YOLOv10,person,0.95,54,175,594,479
155,YOLOv11,person,0.95,54,175,594,479
156,YOLOv10,person,0.96,60,178,593,479
156,YOLOv11,person,0.95,61,177,592,479
157,YOLOv10,person,0.95,61,178,593,479
157,YOLOv11,person,0.95,62,177,592,479
158,YOLOv10,person,0.96,61,178,594,479
158,YOLOv11,person,0.95,62,177,593,479
159,YOLOv10,person,0.96,61,178,594,479
159,YOLOv11,person,0.95,62,177,593,479
160,YOLOv10,person,0.95,60,177,593,479
160,YOLOv11,person,0.95,61,177,593,479
161,YOLOv10,person,0.96,54,175,597,479
161,YOLOv11,person,0.95,54,175,597,479
162,YOLOv10,person,0.95,48,174,598,479
162,YOLOv11,person,0.94,46,172,596,479
163,YOLOv10,person,0.95,41,172,601,479
163,YOLOv11,person,0.94,41,170,600,479
164,YOLOv10,person,0.89,22,164,606,478
164,YOLOv11,person,0.93,20,165,614,479
165,YOLOv10,person,0.88,6,149,629,478
165,YOLOv11,person,0.94,1,149,622,478
166,YOLOv10,toothbrush,0.86,240,129,400,440
166,YOLOv11,toothbrush,0.77,236,116,405,437
167,YOLOv10,person,0.64,1,80,638,441
167,YOLOv11,person,0.92,0,81,638,468
168,YOLOv10,person,0.64,1,80,638,441
168,YOLOv11,person,0.92,0,81,638,468
169,YOLOv10,person,0.73,1,55,637,435
169,YOLOv11,person,0.92,0,55,638,454
170,YOLOv10,person,0.87,1,47,637,418
170,YOLOv11,person,0.91,0,45,638,447
171,YOLOv10,person,0.82,1,48,637,418
171,YOLOv11,person,0.92,0,47,638,449
172,YOLOv10,toothbrush,0.78,220,61,388,413
173,YOLOv10,toothbrush,0.78,220,61,388,413
174,YOLOv10,toothbrush,0.83,238,136,406,464
175,YOLOv10,person,0.94,40,177,597,479
175,YOLOv11,person,0.94,41,176,596,479
176,YOLOv10,person,0.93,22,162,621,478
176,YOLOv11,person,0.94,21,163,620,479
177,YOLOv10,person,0.93,22,162,621,478
177,YOLOv11,person,0.94,21,163,620,479
178,YOLOv10,person,0.93,37,173,608,479
178,YOLOv11,person,0.93,26,171,609,479
179,YOLOv10,person,0.93,50,179,604,479
179,YOLOv11,person,0.93,50,178,606,479
180,YOLOv10,person,0.86,36,169,617,479
180,YOLOv11,person,0.94,37,169,620,479
181,YOLOv10,person,0.92,42,164,617,478
181,YOLOv11,person,0.94,42,164,617,479
182,YOLOv10,person,0.92,42,164,617,478
182,YOLOv11,person,0.94,42,164,617,479
183,YOLOv11,person,0.92,65,180,605,479
184,YOLOv11,person,0.69,96,196,589,479
185,YOLOv10,vase,0.79,280,239,425,479
185,YOLOv11,toothbrush,0.91,278,219,429,479
186,YOLOv10,vase,0.79,280,239,425,479
186,YOLOv11,toothbrush,0.91,278,219,429,479
187,YOLOv11,person,0.64,269,311,421,479
188,YOLOv11,person,0.81,260,291,422,479
189,YOLOv10,person,0.66,260,296,424,479
189,YOLOv11,person,0.88,260,296,424,479
190,YOLOv10,person,0.71,260,294,426,479
190,YOLOv11,person,0.88,260,294,425,479
191,YOLOv10,person,0.72,258,293,425,479
191,YOLOv11,person,0.88,260,293,424,479
192,YOLOv11,person,0.82,248,291,418,479
193,YOLOv11,person,0.82,232,255,412,479
194,YOLOv11,person,0.82,232,255,412,479
195,YOLOv11,person,0.82,232,255,412,479
196,YOLOv10,person,0.69,249,255,449,479
196,YOLOv11,person,0.91,249,255,448,479
197,YOLOv11,person,0.77,129,226,520,479
198,YOLOv10,person,0.93,106,202,549,479
198,YOLOv11,person,0.92,104,203,548,479
199,YOLOv10,person,0.95,94,195,558,479
199,YOLOv11,person,0.93,96,194,556,479
200,YOLOv10,person,0.92,88,189,566,479
200,YOLOv11,person,0.94,89,190,565,479
201,YOLOv10,person,0.88,76,169,576,479
201,YOLOv11,person,0.92,76,170,577,479
202,YOLOv10,person,0.88,56,153,582,479
202,YOLOv11,person,0.92,57,149,580,479
203,YOLOv10,person,0.88,56,153,582,479
203,YOLOv11,person,0.92,57,149,580,479
204,YOLOv10,person,0.88,56,153,582,479
204,YOLOv11,person,0.92,57,149,580,479
205,YOLOv10,person,0.97,9,116,586,479
205,YOLOv11,person,0.95,6,117,588,478
206,YOLOv10,person,0.97,2,109,592,478
206,YOLOv11,person,0.95,1,109,590,478
207,YOLOv10,person,0.97,2,106,586,478
207,YOLOv11,person,0.95,1,107,588,478
208,YOLOv10,person,0.97,2,111,574,478
208,YOLOv11,person,0.95,1,111,577,478
209,YOLOv10,person,0.97,1,108,573,478
209,YOLOv11,person,0.95,1,109,576,478
210,YOLOv10,person,0.97,1,99,577,478
210,YOLOv11,person,0.95,0,100,578,478
211,YOLOv10,person,0.97,1,99,577,478
211,YOLOv11,person,0.95,0,100,578,478
212,YOLOv10,person,0.97,1,107,578,478
212,YOLOv11,person,0.96,0,108,580,478
213,YOLOv10,person,0.97,1,107,578,478
213,YOLOv11,person,0.96,0,108,580,478
214,YOLOv10,person,0.97,1,107,593,478
214,YOLOv11,person,0.96,0,108,593,478
215,YOLOv10,person,0.97,2,106,590,478
215,YOLOv11,person,0.95,1,108,590,478
216,YOLOv10,person,0.97,10,118,592,479
216,YOLOv11,person,0.95,10,118,594,478
217,YOLOv10,person,0.96,24,113,610,479
217,YOLOv11,person,0.95,22,114,609,479
218,YOLOv10,person,0.93,38,135,605,479
218,YOLOv11,person,0.93,40,138,605,478
219,YOLOv10,person,0.93,38,167,582,479
219,YOLOv11,person,0.93,48,167,582,479
220,YOLOv10,person,0.95,56,175,581,479
220,YOLOv11,person,0.94,56,174,582,479
221,YOLOv10,person,0.77,5,157,617,479
221,YOLOv11,person,0.81,16,165,622,478
222,YOLOv10,person,0.75,9,136,605,479
222,YOLOv11,person,0.92,10,137,610,478
223,YOLOv10,person,0.75,9,136,605,479
223,YOLOv11,person,0.92,10,137,610,478
224,YOLOv10,vase,0.71,245,236,374,479
224,YOLOv11,toothbrush,0.71,245,194,378,479
225,YOLOv10,person,0.92,138,241,522,479
225,YOLOv11,person,0.91,137,241,524,479
226,YOLOv10,person,0.87,137,230,620,479
226,YOLOv11,person,0.89,140,224,624,479
227,YOLOv10,person,0.91,101,199,626,479
227,YOLOv11,person,0.9,110,199,625,479
228,YOLOv10,person,0.95,104,188,630,479
228,YOLOv11,person,0.93,110,187,626,479
229,YOLOv10,bird,0.52,305,225,437,479
229,YOLOv11,person,0.63,129,214,604,479
230,YOLOv10,vase,0.58,309,256,437,479
230,YOLOv11,toothbrush,0.55,309,238,440,479
231,YOLOv10,vase,0.74,316,335,442,479
232,YOLOv10,vase,0.74,316,335,442,479
233,YOLOv11,person,0.54,314,360,448,479
236,YOLOv10,person,0.63,312,423,433,479
236,YOLOv11,person,0.78,312,422,434,479
236,YOLOv11,tv,0.5,322,82,518,194
237,YOLOv10,person,0.8,310,425,433,479
237,YOLOv11,person,0.84,310,425,433,479
238,YOLOv10,person,0.69,310,429,432,479
238,YOLOv11,person,0.81,310,429,432,479
239,YOLOv10,person,0.73,312,431,432,479
239,YOLOv11,person,0.85,312,431,432,479
240,YOLOv10,person,0.78,312,430,432,479
240,YOLOv11,person,0.85,310,430,432,479
241,YOLOv10,person,0.78,312,430,432,479
241,YOLOv11,person,0.85,310,430,432,479
242,YOLOv10,person,0.82,312,431,432,479
242,YOLOv11,person,0.85,310,431,432,479
243,YOLOv10,person,0.71,312,431,432,479
243,YOLOv11,person,0.85,310,431,432,479
244,YOLOv10,person,0.74,312,430,432,479
244,YOLOv11,person,0.85,310,431,432,479
245,YOLOv10,person,0.7,310,431,432,479
245,YOLOv11,person,0.85,310,432,432,479
246,YOLOv10,person,0.85,310,432,430,479
246,YOLOv11,person,0.84,310,432,430,479
247,YOLOv10,person,0.8,310,434,430,479
247,YOLOv11,person,0.83,309,434,430,479
248,YOLOv10,person,0.68,310,437,429,479
248,YOLOv11,person,0.77,309,437,429,479
257,YOLOv10,person,0.8,293,361,430,479
257,YOLOv11,person,0.81,293,360,430,479
258,YOLOv10,person,0.71,297,382,424,479
258,YOLOv11,person,0.57,297,381,426,479
259,YOLOv10,person,0.89,297,384,424,479
259,YOLOv11,person,0.86,297,384,424,479
260,YOLOv10,person,0.89,297,384,424,479
260,YOLOv11,person,0.86,297,384,424,479
261,YOLOv10,person,0.85,293,378,430,479
261,YOLOv11,person,0.83,294,378,429,479
262,YOLOv10,person,0.85,292,376,430,479
262,YOLOv11,person,0.78,293,376,429,479
263,YOLOv10,person,0.87,292,376,430,479
263,YOLOv11,person,0.84,294,377,428,479
264,YOLOv11,person,0.65,296,370,429,479
265,YOLOv10,vase,0.58,298,345,424,479
266,YOLOv10,vase,0.81,297,299,424,479
266,YOLOv11,vase,0.66,298,308,424,479
267,YOLOv10,person,0.53,290,278,438,479
267,YOLOv11,person,0.59,292,279,440,479
268,YOLOv10,vase,0.75,294,291,428,479
269,YOLOv10,vase,0.75,294,291,428,479
270,YOLOv10,person,0.63,292,299,432,479
270,YOLOv11,person,0.8,293,299,430,479
271,YOLOv11,person,0.61,293,296,430,479
272,YOLOv10,person,0.74,292,288,441,479
272,YOLOv11,person,0.72,293,288,437,479
273,YOLOv10,vase,0.63,296,294,428,479
273,YOLOv11,person,0.54,294,295,426,479
275,YOLOv10,person,0.84,300,381,429,479
275,YOLOv11,person,0.74,300,381,428,479
277,YOLOv10,person,0.86,294,348,434,479
277,YOLOv10,tv,0.61,0,74,198,204
277,YOLOv11,person,0.84,296,349,433,479
278,YOLOv11,person,0.73,296,353,432,479
279,YOLOv11,person,0.73,296,353,432,479
280,YOLOv10,person,0.88,296,360,433,479
280,YOLOv11,person,0.88,296,360,433,479
281,YOLOv10,person,0.82,294,354,434,479
281,YOLOv11,person,0.88,294,354,433,479
282,YOLOv10,person,0.88,294,358,434,479
282,YOLOv11,person,0.87,296,358,433,479
283,YOLOv10,person,0.88,294,358,434,479
283,YOLOv11,person,0.87,296,358,433,479
284,YOLOv10,person,0.83,294,361,434,479
284,YOLOv11,person,0.87,294,361,433,479
285,YOLOv10,person,0.72,294,362,434,479
285,YOLOv11,person,0.88,294,362,434,479
286,YOLOv10,person,0.8,298,360,438,479
286,YOLOv11,person,0.86,298,360,440,479
287,YOLOv10,person,0.66,312,361,453,479
287,YOLOv11,person,0.52,312,361,453,479
288,YOLOv10,person,0.66,312,361,453,479
288,YOLOv11,person,0.52,312,361,453,479
289,YOLOv10,person,0.8,353,375,496,479
289,YOLOv11,person,0.82,354,374,497,479
290,YOLOv10,person,0.68,364,362,509,479
290,YOLOv11,person,0.82,364,362,510,479
291,YOLOv10,person,0.6,368,358,514,479
291,YOLOv11,person,0.87,368,358,514,479
292,YOLOv10,person,0.85,370,363,517,479
292,YOLOv11,person,0.84,373,363,517,479
293,YOLOv10,person,0.85,370,363,517,479
293,YOLOv11,person,0.84,373,363,517,479
294,YOLOv10,person,0.86,418,348,574,479
294,YOLOv11,person,0.86,417,348,577,479
295,YOLOv10,person,0.86,418,348,574,479
295,YOLOv11,person,0.86,417,348,577,479
296,YOLOv10,person,0.85,456,334,621,479
296,YOLOv11,person,0.87,456,335,622,479
297,YOLOv10,person,0.81,468,318,633,479
297,YOLOv11,person,0.5,466,318,633,479
298,YOLOv10,person,0.6,453,300,625,479
298,YOLOv11,person,0.75,454,301,626,479
299,YOLOv10,person,0.6,453,300,625,479
299,YOLOv11,person,0.75,454,301,626,479
301,YOLOv10,person,0.56,190,235,578,479
301,YOLOv11,toothbrush,0.92,201,241,578,479
302,YOLOv10,person,0.86,152,240,538,479
302,YOLOv11,person,0.85,149,240,540,479
303,YOLOv10,person,0.94,114,229,534,479
303,YOLOv11,person,0.91,113,228,542,479
304,YOLOv10,person,0.94,114,229,534,479
304,YOLOv11,person,0.91,113,228,542,479
305,YOLOv10,person,0.92,69,169,610,479
305,YOLOv11,person,0.92,68,171,613,479
306,YOLOv10,person,0.93,65,173,592,479
306,YOLOv11,person,0.92,70,173,597,479
307,YOLOv10,person,0.95,81,194,581,479
307,YOLOv11,person,0.92,84,193,581,479
308,YOLOv10,person,0.95,56,178,601,479
308,YOLOv11,person,0.93,57,177,600,479
309,YOLOv10,person,0.96,53,166,604,479
309,YOLOv11,person,0.94,52,166,604,479
310,YOLOv10,person,0.95,56,170,601,479
310,YOLOv11,person,0.94,57,169,601,479
311,YOLOv10,person,0.95,62,179,593,479
311,YOLOv11,person,0.94,65,179,592,479
312,YOLOv10,person,0.95,54,178,598,479
312,YOLOv11,person,0.93,54,177,598,479
313,YOLOv10,person,0.95,54,178,598,479
313,YOLOv11,person,0.93,54,177,598,479
314,YOLOv10,person,0.96,49,179,600,479
314,YOLOv11,person,0.92,48,179,600,479
315,YOLOv10,person,0.96,62,186,596,479
315,YOLOv11,person,0.93,64,185,594,479
316,YOLOv10,person,0.96,57,182,598,479
316,YOLOv11,person,0.93,50,181,600,479
317,YOLOv10,person,0.96,58,184,597,479
317,YOLOv11,person,0.93,61,183,598,479
318,YOLOv10,person,0.96,58,184,597,479
318,YOLOv11,person,0.93,61,183,598,479
319,YOLOv10,person,0.95,66,187,598,479
319,YOLOv11,person,0.91,68,186,598,479
320,YOLOv10,person,0.95,72,184,598,479
320,YOLOv11,person,0.91,72,183,634,479
321,YOLOv10,person,0.96,72,183,597,479
321,YOLOv11,person,0.94,72,182,598,479
322,YOLOv10,person,0.55,86,182,536,479
322,YOLOv11,person,0.89,1,181,638,478
323,YOLOv10,person,0.55,86,182,536,479
323,YOLOv11,person,0.89,1,181,638,478
324,YOLOv10,person,0.92,0,182,638,479
324,YOLOv11,person,0.92,0,183,638,478
325,YOLOv10,person,0.95,0,183,624,479
325,YOLOv11,person,0.93,0,183,608,479
326,YOLOv10,person,0.96,4,183,638,479
326,YOLOv10,toothbrush,0.74,232,321,337,402
326,YOLOv11,person,0.93,2,183,638,477
326,YOLOv11,toothbrush,0.59,232,321,337,395
327,YOLOv10,person,0.96,4,183,638,479
327,YOLOv10,toothbrush,0.74,232,321,337,402
327,YOLOv11,person,0.93,2,183,638,477
327,YOLOv11,toothbrush,0.59,232,321,337,395
328,YOLOv10,person,0.97,4,184,638,479
328,YOLOv10,toothbrush,0.82,234,320,384,387
328,YOLOv11,person,0.93,4,184,638,478
328,YOLOv11,toothbrush,0.81,234,320,385,386
329,YOLOv10,person,0.97,5,184,638,479
329,YOLOv11,person,0.94,4,184,638,479
330,YOLOv10,person,0.97,10,184,638,479
330,YOLOv10,cell phone,0.54,253,312,430,356
330,YOLOv11,person,0.94,10,184,638,479
330,YOLOv11,cell phone,0.68,254,313,408,355
331,YOLOv10,person,0.97,16,184,638,479
331,YOLOv11,person,0.94,18,184,638,478
332,YOLOv10,person,0.97,16,184,638,479
332,YOLOv11,person,0.94,18,184,638,478
333,YOLOv10,person,0.97,17,183,638,479
333,YOLOv11,person,0.94,22,183,638,478
333,YOLOv11,cell phone,0.81,253,292,445,342
334,YOLOv10,person,0.97,20,183,638,479
334,YOLOv10,cell phone,0.75,250,292,470,349
334,YOLOv11,person,0.94,25,183,638,479
334,YOLOv11,cell phone,0.9,250,292,469,349
335,YOLOv10,person,0.97,18,183,638,479
335,YOLOv10,cell phone,0.72,249,291,469,350
335,YOLOv11,person,0.94,22,182,638,479
335,YOLOv11,cell phone,0.88,249,292,469,350
336,YOLOv10,person,0.97,18,183,638,479
336,YOLOv10,cell phone,0.72,249,291,469,350
336,YOLOv11,person,0.94,22,182,638,479
336,YOLOv11,cell phone,0.88,249,292,469,350
337,YOLOv10,person,0.97,20,183,638,479
337,YOLOv10,cell phone,0.65,250,293,470,349
337,YOLOv11,person,0.94,25,182,638,479
337,YOLOv11,cell phone,0.86,252,294,470,349
338,YOLOv10,person,0.97,20,182,638,479
338,YOLOv10,cell phone,0.7,252,295,470,349
338,YOLOv11,person,0.94,24,182,638,479
338,YOLOv11,cell phone,0.83,252,295,469,349
339,YOLOv10,person,0.97,21,182,638,479
339,YOLOv10,cell phone,0.65,252,296,470,349
339,YOLOv11,person,0.94,24,183,638,478
339,YOLOv11,cell phone,0.83,252,296,469,349
340,YOLOv10,person,0.97,21,182,638,479
340,YOLOv10,cell phone,0.7,252,296,470,349
340,YOLOv11,person,0.94,25,182,638,478
340,YOLOv11,cell phone,0.81,252,296,469,349
341,YOLOv10,person,0.97,21,182,638,479
341,YOLOv10,cell phone,0.7,252,296,470,349
341,YOLOv11,person,0.94,25,182,638,478
341,YOLOv11,cell phone,0.81,252,296,469,349
342,YOLOv10,person,0.97,18,182,638,479
342,YOLOv10,cell phone,0.76,250,295,470,349
342,YOLOv11,person,0.94,25,182,638,479
342,YOLOv11,cell phone,0.86,252,295,469,349
343,YOLOv10,person,0.97,21,182,638,479
343,YOLOv10,cell phone,0.64,250,295,469,350
343,YOLOv11,person,0.94,26,182,637,478
343,YOLOv11,cell phone,0.85,252,296,469,350
344,YOLOv10,person,0.97,21,182,638,479
344,YOLOv10,cell phone,0.61,250,295,469,350
344,YOLOv11,person,0.94,25,182,638,479
344,YOLOv11,cell phone,0.86,252,296,469,350
345,YOLOv10,person,0.97,21,182,638,479
345,YOLOv10,cell phone,0.56,250,296,469,351
345,YOLOv11,person,0.94,25,182,638,478
345,YOLOv11,cell phone,0.82,252,296,469,350
346,YOLOv10,person,0.97,21,182,638,479
346,YOLOv10,cell phone,0.56,250,296,469,351
346,YOLOv11,person,0.94,25,182,638,478
346,YOLOv11,cell phone,0.82,252,296,469,350
347,YOLOv10,person,0.97,21,181,638,479
347,YOLOv11,person,0.94,25,181,638,479
347,YOLOv11,cell phone,0.86,252,296,469,351
348,YOLOv10,person,0.97,20,182,638,479
348,YOLOv11,person,0.94,25,182,638,479
348,YOLOv11,cell phone,0.79,250,295,468,352
349,YOLOv10,person,0.97,17,182,638,479
349,YOLOv10,cell phone,0.71,249,292,468,352
349,YOLOv11,person,0.94,21,182,638,478
349,YOLOv11,cell phone,0.88,249,292,468,352
350,YOLOv10,person,0.97,18,183,638,479
350,YOLOv10,cell phone,0.62,248,285,465,353
350,YOLOv11,person,0.95,21,182,638,478
350,YOLOv11,cell phone,0.83,248,285,465,352
351,YOLOv10,person,0.97,18,183,638,479
351,YOLOv10,cell phone,0.62,248,285,465,353
351,YOLOv11,person,0.95,21,182,638,478
351,YOLOv11,cell phone,0.83,248,285,465,352
352,YOLOv10,person,0.97,16,183,638,478
352,YOLOv10,remote,0.59,240,265,437,339
352,YOLOv11,person,0.95,21,183,638,478
352,YOLOv11,cell phone,0.85,240,265,436,340
353,YOLOv10,person,0.83,0,181,638,478
353,YOLOv11,person,0.9,1,178,638,478
354,YOLOv10,person,0.86,0,161,637,478
354,YOLOv11,person,0.88,1,164,638,478
355,YOLOv10,person,0.86,0,161,637,478
355,YOLOv11,person,0.88,1,164,638,478
356,YOLOv10,person,0.74,0,105,637,478
356,YOLOv11,person,0.89,1,107,638,477
356,YOLOv11,toothbrush,0.62,253,121,496,389
357,YOLOv10,toothbrush,0.89,276,88,529,439
357,YOLOv10,person,0.87,1,66,637,475
357,YOLOv11,person,0.88,0,68,638,475
357,YOLOv11,toothbrush,0.83,274,89,522,433
358,YOLOv10,remote,0.92,305,90,538,441
358,YOLOv10,person,0.86,0,61,638,477
358,YOLOv11,remote,0.88,308,89,538,441
358,YOLOv11,person,0.87,1,62,637,475
359,YOLOv10,remote,0.97,324,80,561,475
359,YOLOv11,remote,0.96,322,80,562,479
359,YOLOv11,person,0.87,0,55,637,477
360,YOLOv10,remote,0.97,324,80,561,475
360,YOLOv11,remote,0.96,322,80,562,479
360,YOLOv11,person,0.87,0,55,637,477
361,YOLOv10,toothbrush,0.93,346,23,561,478
361,YOLOv11,toothbrush,0.92,342,22,561,479
361,YOLOv11,person,0.85,1,9,637,478
362,YOLOv10,person,0.9,49,168,637,479
362,YOLOv10,remote,0.9,440,0,581,477
362,YOLOv11,person,0.7,10,167,638,479
363,YOLOv10,remote,0.95,460,0,585,477
363,YOLOv10,person,0.94,28,166,638,479
363,YOLOv11,person,0.95,29,165,638,479
363,YOLOv11,remote,0.92,458,0,585,478
364,YOLOv10,remote,0.95,460,0,585,477
364,YOLOv10,person,0.94,28,166,638,479
364,YOLOv11,person,0.95,29,165,638,479
364,YOLOv11,remote,0.92,458,0,585,478
365,YOLOv10,remote,0.91,445,1,570,476
365,YOLOv10,person,0.91,60,168,637,479
365,YOLOv11,person,0.94,62,168,638,479
365,YOLOv11,remote,0.92,446,1,572,478
366,YOLOv10,remote,0.94,430,21,557,468
366,YOLOv10,person,0.91,50,167,637,479
366,YOLOv11,person,0.93,50,166,638,479
366,YOLOv11,remote,0.79,432,21,557,476
367,YOLOv10,remote,0.96,424,29,552,478
367,YOLOv10,person,0.76,54,170,586,479
367,YOLOv11,remote,0.97,424,29,552,479
367,YOLOv11,person,0.91,58,169,590,479
368,YOLOv10,remote,0.97,428,29,549,479
368,YOLOv10,person,0.77,54,171,593,479
368,YOLOv11,remote,0.98,428,28,549,479
368,YOLOv11,person,0.92,58,170,584,479
369,YOLOv10,remote,0.97,424,29,542,480
369,YOLOv10,person,0.89,57,169,588,479
369,YOLOv11,remote,0.97,425,29,545,479
369,YOLOv11,person,0.91,61,168,586,479
370,YOLOv10,remote,0.94,417,35,536,478
370,YOLOv10,person,0.9,58,171,586,479
370,YOLOv11,remote,0.96,418,35,538,479
370,YOLOv11,person,0.92,62,170,581,479
371,YOLOv10,remote,0.94,409,40,525,471
371,YOLOv10,person,0.92,57,171,592,479
371,YOLOv11,remote,0.94,410,40,526,477
371,YOLOv11,person,0.91,62,170,584,479
372,YOLOv10,remote,0.94,409,40,525,471
372,YOLOv10,person,0.92,57,171,592,479
372,YOLOv11,remote,0.94,410,40,526,477
372,YOLOv11,person,0.91,62,170,584,479
373,YOLOv10,person,0.92,58,170,598,479
373,YOLOv10,remote,0.77,401,40,513,460
373,YOLOv11,person,0.89,62,170,600,479
373,YOLOv11,remote,0.87,402,41,516,476
374,YOLOv10,toothbrush,0.98,372,37,601,480
374,YOLOv10,person,0.56,48,169,634,479
374,YOLOv11,person,0.87,60,170,594,479
374,YOLOv11,toothbrush,0.58,374,37,606,479
375,YOLOv10,toothbrush,0.96,337,36,458,390
375,YOLOv10,toothbrush,0.92,337,36,541,480
375,YOLOv10,person,0.85,41,170,638,479
375,YOLOv11,person,0.88,57,170,614,479
375,YOLOv11,toothbrush,0.7,337,38,465,478
376,YOLOv10,person,0.89,57,171,638,479
376,YOLOv11,person,0.89,61,171,602,479
376,YOLOv11,remote,0.73,320,41,446,377
377,YOLOv10,remote,0.88,320,48,436,360
377,YOLOv10,person,0.87,57,172,596,479
377,YOLOv11,remote,0.96,321,47,437,355
377,YOLOv11,person,0.92,62,171,594,479
378,YOLOv10,person,0.91,58,172,601,479
378,YOLOv10,remote,0.91,318,54,429,349
378,YOLOv11,remote,0.96,320,55,429,341
378,YOLOv11,person,0.93,62,171,596,479
379,YOLOv10,remote,0.93,317,61,425,346
379,YOLOv10,person,0.91,58,173,602,479
379,YOLOv11,remote,0.97,317,61,425,336
379,YOLOv11,person,0.93,62,172,596,479
380,YOLOv10,remote,0.93,316,63,422,344
380,YOLOv10,person,0.91,57,173,600,479
380,YOLOv11,remote,0.97,314,62,422,338
380,YOLOv11,person,0.93,62,171,597,479
381,YOLOv10,remote,0.96,314,64,420,345
381,YOLOv10,person,0.91,57,172,596,479
381,YOLOv11,remote,0.97,313,63,421,337
381,YOLOv11,person,0.93,62,171,596,479
382,YOLOv10,remote,0.96,314,64,420,340
382,YOLOv10,person,0.91,57,173,596,479
382,YOLOv11,remote,0.97,313,63,421,338
382,YOLOv11,person,0.93,61,171,593,479
383,YOLOv10,remote,0.96,314,64,420,340
383,YOLOv10,person,0.91,57,173,596,479
383,YOLOv11,remote,0.97,313,63,421,338
383,YOLOv11,person,0.93,61,171,593,479
384,YOLOv10,remote,0.96,314,64,418,344
384,YOLOv10,person,0.91,57,172,594,479
384,YOLOv11,remote,0.97,313,63,420,335
384,YOLOv11,person,0.93,61,171,594,479
385,YOLOv10,remote,0.96,314,65,418,344
385,YOLOv10,person,0.92,58,173,593,479
385,YOLOv11,remote,0.96,313,65,420,338
385,YOLOv11,person,0.93,64,172,593,479
386,YOLOv10,remote,0.95,314,66,417,343
386,YOLOv10,person,0.91,57,173,597,479
386,YOLOv11,remote,0.96,313,66,418,338
386,YOLOv11,person,0.93,62,171,593,479
387,YOLOv10,remote,0.94,316,67,417,342
387,YOLOv10,person,0.91,57,173,596,479
387,YOLOv11,remote,0.96,314,66,418,339
387,YOLOv11,person,0.93,62,173,594,479
388,YOLOv10,remote,0.95,317,67,418,339
388,YOLOv10,person,0.92,58,173,594,479
388,YOLOv11,remote,0.96,316,66,418,336
388,YOLOv11,person,0.93,62,171,593,479
389,YOLOv10,person,0.9,58,173,600,479
389,YOLOv10,remote,0.71,317,68,416,337
389,YOLOv11,person,0.92,62,173,590,479
389,YOLOv11,remote,0.82,317,68,416,334
390,YOLOv10,person,0.9,60,173,589,479
390,YOLOv11,person,0.77,64,119,586,479
391,YOLOv10,person,0.96,62,173,588,479
391,YOLOv11,person,0.93,66,172,585,479
392,YOLOv10,person,0.96,62,173,588,479
392,YOLOv11,person,0.93,66,172,585,479
393,YOLOv10,person,0.96,61,175,586,479
393,YOLOv11,person,0.93,62,174,584,479
393,YOLOv11,chair,0.52,37,428,638,479
394,YOLOv10,person,0.97,61,174,588,479
394,YOLOv11,person,0.93,64,173,584,479
394,YOLOv11,chair,0.5,45,428,638,479
395,YOLOv10,person,0.54,62,176,585,479
395,YOLOv10,chair,0.53,534,428,638,479
395,YOLOv11,person,0.94,65,175,582,479
395,YOLOv11,chair,0.51,37,429,638,479
396,YOLOv10,person,0.96,61,174,585,479
396,YOLOv10,chair,0.53,534,427,638,479
396,YOLOv11,person,0.93,65,172,584,479
397,YOLOv10,person,0.91,61,175,637,479
397,YOLOv11,person,0.9,66,175,636,479
398,YOLOv10,person,0.95,61,175,590,479
398,YOLOv11,person,0.94,65,174,590,479
399,YOLOv10,person,0.95,62,175,594,479
399,YOLOv11,person,0.94,65,175,592,479
399,YOLOv11,chair,0.52,37,429,638,479
400,YOLOv10,person,0.95,62,176,594,479
400,YOLOv11,person,0.93,66,175,593,479
401,YOLOv10,person,0.95,61,176,592,479
401,YOLOv10,chair,0.51,537,428,638,479
401,YOLOv11,person,0.94,65,175,589,479
402,YOLOv10,person,0.92,60,176,582,479
402,YOLOv11,person,0.93,64,176,581,479
403,YOLOv10,person,0.96,61,177,580,479
403,YOLOv10,chair,0.53,534,429,638,479
403,YOLOv10,chair,0.52,29,435,109,479
403,YOLOv11,person,0.93,64,176,578,479
404,YOLOv10,person,0.96,60,177,582,479
404,YOLOv10,chair,0.5,29,434,108,479
404,YOLOv10,chair,0.5,534,429,638,479
404,YOLOv11,person,0.93,61,176,581,479
405,YOLOv10,person,0.96,60,177,582,479
405,YOLOv10,chair,0.5,29,434,108,479
405,YOLOv10,chair,0.5,534,429,638,479
405,YOLOv11,person,0.93,61,176,581,479
406,YOLOv10,person,0.96,60,178,584,479
406,YOLOv11,person,0.93,61,177,582,479
407,YOLOv10,person,0.96,60,178,584,479
407,YOLOv10,chair,0.65,29,435,108,479
407,YOLOv10,chair,0.57,536,429,638,479
407,YOLOv11,person,0.93,61,177,581,479
408,YOLOv10,person,0.96,61,179,578,479
408,YOLOv11,person,0.93,64,178,577,479
409,YOLOv10,person,0.96,57,178,582,479
409,YOLOv10,chair,0.52,536,429,638,479
409,YOLOv10,chair,0.51,29,434,106,479
409,YOLOv11,person,0.93,60,177,582,479
410,YOLOv10,person,0.95,54,177,585,479
410,YOLOv11,person,0.93,54,176,584,479
411,YOLOv10,person,0.96,54,177,589,479
411,YOLOv11,person,0.94,54,176,586,479
412,YOLOv10,person,0.95,54,175,590,479
412,YOLOv11,person,0.94,58,175,589,479
413,YOLOv10,person,0.94,58,178,588,479
413,YOLOv11,person,0.93,64,177,589,479
414,YOLOv10,person,0.94,9,177,597,479
414,YOLOv11,person,0.91,5,177,638,479
415,YOLOv10,person,0.96,18,176,640,478
415,YOLOv10,cell phone,0.86,352,141,474,378
415,YOLOv11,person,0.93,22,176,638,478
415,YOLOv11,cell phone,0.64,356,142,474,380
416,YOLOv10,person,0.96,18,176,640,478
416,YOLOv10,cell phone,0.86,352,141,474,378
416,YOLOv11,person,0.93,22,176,638,478
416,YOLOv11,cell phone,0.64,356,142,474,380
417,YOLOv10,person,0.97,20,178,638,478
417,YOLOv10,cell phone,0.87,346,148,465,376
417,YOLOv11,person,0.95,24,177,638,478
417,YOLOv11,cell phone,0.91,345,148,464,375
418,YOLOv10,person,0.97,13,176,638,478
418,YOLOv10,cell phone,0.92,348,142,464,364
418,YOLOv11,person,0.94,13,175,638,478
418,YOLOv11,cell phone,0.9,348,144,462,364
419,YOLOv10,person,0.96,10,176,638,478
419,YOLOv10,cell phone,0.93,348,143,474,361
419,YOLOv11,person,0.94,9,176,638,478
419,YOLOv11,cell phone,0.9,348,143,466,361
420,YOLOv10,person,0.96,6,176,640,478
420,YOLOv10,cell phone,0.94,348,142,473,360
420,YOLOv11,cell phone,0.91,348,143,470,359
420,YOLOv11,person,0.91,4,176,638,478
421,YOLOv10,person,0.95,4,176,638,478
421,YOLOv10,cell phone,0.93,349,142,469,358
421,YOLOv11,cell phone,0.92,349,142,466,357
421,YOLOv11,person,0.92,2,176,638,478
422,YOLOv10,cell phone,0.94,349,142,462,358
422,YOLOv10,person,0.93,2,176,640,478
422,YOLOv11,cell phone,0.95,349,142,465,357
422,YOLOv11,person,0.92,1,176,638,478
423,YOLOv10,person,0.94,2,176,638,478
423,YOLOv10,cell phone,0.93,352,140,465,355
423,YOLOv11,cell phone,0.94,350,140,465,355
423,YOLOv11,person,0.92,2,176,638,478
424,YOLOv10,cell phone,0.94,352,139,465,353
424,YOLOv10,person,0.94,2,176,640,478
424,YOLOv11,cell phone,0.95,353,138,469,353
424,YOLOv11,person,0.91,1,176,638,478
425,YOLOv10,cell phone,0.94,352,139,465,353
425,YOLOv10,person,0.94,2,176,640,478
425,YOLOv11,cell phone,0.95,353,138,469,353
425,YOLOv11,person,0.91,1,176,638,478
426,YOLOv10,cell phone,0.94,353,137,466,351
426,YOLOv10,person,0.93,1,176,638,478
426,YOLOv11,cell phone,0.95,354,137,478,352
426,YOLOv11,person,0.91,1,176,638,478
427,YOLOv10,cell phone,0.94,354,136,468,350
427,YOLOv10,person,0.92,1,176,640,478
427,YOLOv11,cell phone,0.95,356,136,478,350
427,YOLOv11,person,0.93,1,176,638,478
428,YOLOv10,cell phone,0.94,356,135,469,348
428,YOLOv10,person,0.91,1,176,638,478
428,YOLOv11,cell phone,0.95,357,135,473,347
428,YOLOv11,person,0.93,2,176,638,477
429,YOLOv10,cell phone,0.93,358,133,470,346
429,YOLOv10,person,0.92,1,176,638,478
429,YOLOv11,cell phone,0.95,358,133,473,345
429,YOLOv11,person,0.93,2,176,638,478
430,YOLOv10,cell phone,0.94,360,132,472,344
430,YOLOv10,person,0.9,1,176,638,478
430,YOLOv11,cell phone,0.96,360,132,473,343
430,YOLOv11,person,0.93,2,176,638,478
431,YOLOv10,cell phone,0.93,361,132,476,342
431,YOLOv10,person,0.91,1,176,638,478
431,YOLOv11,cell phone,0.94,362,132,478,342
431,YOLOv11,person,0.93,2,176,638,478
432,YOLOv10,person,0.92,0,169,625,479
432,YOLOv10,toothbrush,0.58,364,147,477,396
432,YOLOv11,cell phone,0.9,340,135,472,395
432,YOLOv11,person,0.88,0,174,638,478
433,YOLOv10,person,0.87,12,176,636,479
433,YOLOv11,person,0.87,1,175,637,478
434,YOLOv10,person,0.94,61,176,581,479
434,YOLOv11,person,0.92,64,175,582,479
435,YOLOv10,person,0.95,61,177,592,479
435,YOLOv11,person,0.94,65,176,592,479
436,YOLOv10,person,0.95,60,176,592,479
436,YOLOv10,chair,0.55,536,427,638,479
436,YOLOv11,person,0.93,62,175,589,479
437,YOLOv10,person,0.95,60,176,592,479
437,YOLOv10,chair,0.55,536,427,638,479
437,YOLOv11,person,0.93,62,175,589,479
438,YOLOv10,person,0.95,61,176,589,479
438,YOLOv11,person,0.94,62,175,589,479
439,YOLOv10,person,0.95,62,177,589,479
439,YOLOv11,person,0.94,65,176,588,479
439,YOLOv11,chair,0.51,45,428,638,479
440,YOLOv10,person,0.95,65,176,589,479
440,YOLOv11,person,0.93,65,176,588,479
441,YOLOv10,person,0.86,34,161,600,479
441,YOLOv11,person,0.91,25,157,601,478
442,YOLOv10,person,0.97,22,136,630,479
442,YOLOv11,person,0.94,21,137,629,479
443,YOLOv10,person,0.96,28,144,618,479
443,YOLOv11,person,0.93,25,143,620,479
444,YOLOv10,person,0.95,18,137,626,479
444,YOLOv11,person,0.93,16,138,624,478
445,YOLOv10,person,0.79,1,90,638,474
445,YOLOv11,person,0.91,0,92,638,474
446,YOLOv10,person,0.79,1,90,638,474
446,YOLOv11,person,0.91,0,92,638,474
447,YOLOv10,person,0.95,1,85,638,473
447,YOLOv10,chair,0.51,2,342,117,450
447,YOLOv11,person,0.94,1,85,637,478
447,YOLOv11,chair,0.58,532,343,638,450
448,YOLOv10,person,0.93,0,87,638,471
448,YOLOv11,person,0.94,1,86,637,478
449,YOLOv10,person,0.82,0,79,638,465
449,YOLOv11,person,0.95,0,78,638,476
450,YOLOv10,person,0.92,0,61,638,461
450,YOLOv11,person,0.94,0,60,637,478
451,YOLOv10,person,0.94,0,57,638,461
451,YOLOv10,chair,0.65,530,316,638,423
451,YOLOv10,chair,0.58,0,316,112,422
451,YOLOv11,person,0.94,1,55,637,478
451,YOLOv11,chair,0.56,530,316,638,424
452,YOLOv10,person,0.94,0,57,638,456
452,YOLOv11,person,0.93,1,56,637,476
453,YOLOv10,person,0.92,0,62,638,453
453,YOLOv11,person,0.94,0,61,637,477
453,YOLOv11,couch,0.52,0,320,638,477
454,YOLOv10,person,0.87,0,61,638,458
454,YOLOv11,person,0.94,0,60,638,474
455,YOLOv10,person,0.85,0,48,637,455
455,YOLOv11,person,0.93,0,46,638,474
456,YOLOv11,person,0.77,0,6,638,451
457,YOLOv10,person,0.72,0,1,638,415
457,YOLOv11,person,0.77,0,1,638,459
458,YOLOv10,person,0.72,0,1,638,415
458,YOLOv11,person,0.77,0,1,638,459
459,YOLOv10,person,0.79,0,0,637,374
459,YOLOv11,person,0.9,0,0,638,479
460,YOLOv10,person,0.84,0,0,638,410
460,YOLOv11,person,0.87,1,0,638,475
461,YOLOv10,person,0.89,0,0,637,407
461,YOLOv11,person,0.91,0,0,638,478
462,YOLOv10,person,0.87,0,0,637,378
462,YOLOv11,person,0.92,0,0,638,476
463,YOLOv10,person,0.89,0,0,637,403
463,YOLOv11,person,0.91,0,0,637,474
463,YOLOv11,chair,0.55,513,230,638,370
464,YOLOv10,person,0.93,0,0,638,409
464,YOLOv11,person,0.93,0,0,637,478
465,YOLOv10,person,0.93,0,0,637,414
465,YOLOv11,person,0.93,0,0,637,477
465,YOLOv11,chair,0.66,512,238,638,377
466,YOLOv10,person,0.93,0,0,637,406
466,YOLOv11,person,0.93,0,0,637,477
466,YOLOv11,chair,0.55,514,240,638,378
467,YOLOv10,person,0.94,1,0,637,398
467,YOLOv11,person,0.93,0,0,638,477
468,YOLOv10,person,0.89,1,0,637,406
468,YOLOv11,person,0.93,0,0,638,474
469,YOLOv10,person,0.92,0,10,637,427
469,YOLOv11,person,0.94,0,9,638,471
470,YOLOv10,person,0.92,0,10,637,427
470,YOLOv11,person,0.94,0,9,638,471
471,YOLOv10,person,0.9,0,27,638,457
471,YOLOv11,person,0.95,0,27,638,475
472,YOLOv10,person,0.92,0,38,637,456
472,YOLOv11,person,0.95,0,39,637,478
473,YOLOv10,person,0.94,0,51,638,463
473,YOLOv10,chair,0.51,0,301,118,425
473,YOLOv11,person,0.95,0,51,638,477
474,YOLOv10,person,0.94,0,60,637,463
474,YOLOv11,person,0.95,1,60,637,478
475,YOLOv10,person,0.94,1,71,637,469
475,YOLOv10,chair,0.53,2,315,120,437
475,YOLOv11,person,0.95,0,70,636,479
476,YOLOv10,person,0.92,0,82,638,475
476,YOLOv11,person,0.94,1,84,638,478
477,YOLOv10,toothbrush,0.65,262,117,394,425
477,YOLOv10,person,0.61,16,100,622,478
477,YOLOv11,person,0.62,12,99,629,478
477,YOLOv11,toothbrush,0.53,266,101,397,412
478,YOLOv10,person,0.93,57,172,588,479
478,YOLOv11,person,0.93,57,171,592,479
479,YOLOv10,person,0.95,40,153,608,479
479,YOLOv11,person,0.93,26,156,608,479
479,YOLOv11,chair,0.63,522,389,638,479
480,YOLOv10,person,0.95,40,153,608,479
480,YOLOv11,person,0.93,26,156,608,479
480,YOLOv11,chair,0.63,522,389,638,479
481,YOLOv10,person,0.95,29,153,601,479
481,YOLOv11,person,0.93,26,154,598,479
482,YOLOv10,person,0.94,24,149,609,479
482,YOLOv11,person,0.91,16,149,616,478
483,YOLOv10,person,0.89,0,105,638,476
483,YOLOv11,person,0.94,0,114,638,477
484,YOLOv10,person,0.56,9,108,632,478
484,YOLOv11,person,0.74,6,106,633,477
485,YOLOv10,person,0.96,40,155,610,479
485,YOLOv11,person,0.93,37,154,610,479
486,YOLOv10,person,0.87,29,143,625,478
486,YOLOv11,person,0.92,14,143,632,478
487,YOLOv10,person,0.97,8,122,637,479
487,YOLOv11,person,0.95,2,121,634,479
488,YOLOv10,person,0.97,32,142,622,479
488,YOLOv11,person,0.94,26,142,622,478
489,YOLOv10,person,0.96,25,140,637,479
489,YOLOv11,person,0.95,22,140,636,479
490,YOLOv10,person,0.97,12,129,632,479
490,YOLOv11,person,0.95,10,128,637,479
491,YOLOv10,person,0.95,24,137,608,479
491,YOLOv11,person,0.95,24,137,634,479
492,YOLOv10,person,0.96,21,137,632,479
492,YOLOv11,person,0.94,17,137,633,479
493,YOLOv10,person,0.97,13,129,634,479
493,YOLOv10,chair,0.5,0,384,112,479
493,YOLOv11,person,0.95,12,129,632,479
494,YOLOv10,person,0.97,25,135,632,479
494,YOLOv11,person,0.94,20,134,630,479
495,YOLOv10,person,0.97,25,135,632,479
495,YOLOv11,person,0.94,20,134,630,479
496,YOLOv10,person,0.97,24,135,636,479
496,YOLOv10,chair,0.54,536,390,638,479
496,YOLOv10,chair,0.54,0,391,109,479
496,YOLOv11,person,0.94,20,134,633,479
497,YOLOv10,person,0.97,28,135,632,479
497,YOLOv11,person,0.94,24,137,630,479
498,YOLOv10,person,0.96,36,147,622,479
498,YOLOv11,person,0.93,36,147,621,479
499,YOLOv10,person,0.96,36,149,614,479
499,YOLOv10,chair,0.58,526,399,638,479
499,YOLOv10,chair,0.53,0,406,104,479
499,YOLOv11,person,0.93,34,149,616,479
500,YOLOv10,person,0.96,36,145,614,479
500,YOLOv10,chair,0.58,525,396,638,479
500,YOLOv11,person,0.93,33,146,617,479
501,YOLOv10,person,0.96,37,149,606,479
501,YOLOv11,person,0.92,36,149,605,479
502,YOLOv10,person,0.96,34,145,613,479
502,YOLOv11,person,0.92,32,146,616,479
503,YOLOv10,person,0.95,34,146,618,479
503,YOLOv11,person,0.91,32,146,617,479
503,YOLOv11,toothbrush,0.9,456,59,638,474
504,YOLOv10,person,0.96,37,148,614,479
504,YOLOv11,person,0.93,36,148,617,479
504,YOLOv11,toothbrush,0.78,402,122,638,479
505,YOLOv10,person,0.95,37,148,596,479
505,YOLOv11,person,0.93,34,148,636,478
506,YOLOv10,person,0.77,42,154,636,479
506,YOLOv11,person,0.92,40,153,636,479
507,YOLOv10,person,0.77,42,154,636,479
507,YOLOv11,person,0.92,40,153,636,479
508,YOLOv10,person,0.96,41,156,610,479
508,YOLOv11,person,0.91,38,156,612,479
509,YOLOv10,person,0.95,38,155,614,479
509,YOLOv10,toothbrush,0.51,326,262,450,476
509,YOLOv11,person,0.91,38,155,617,479
509,YOLOv11,toothbrush,0.64,328,265,436,464
510,YOLOv10,person,0.96,45,159,613,479
510,YOLOv10,toothbrush,0.76,318,261,432,479
510,YOLOv11,person,0.92,42,160,610,479
510,YOLOv11,toothbrush,0.73,317,271,438,478
511,YOLOv10,person,0.97,46,161,608,479
511,YOLOv10,scissors,0.88,309,265,424,479
511,YOLOv11,person,0.92,46,162,605,479
511,YOLOv11,scissors,0.74,310,267,425,479
512,YOLOv10,person,0.96,45,162,606,479
512,YOLOv10,scissors,0.85,309,251,421,473
512,YOLOv11,person,0.92,42,163,606,479
512,YOLOv11,scissors,0.79,309,255,421,473
513,YOLOv10,person,0.96,45,162,608,479
513,YOLOv11,person,0.91,48,163,606,479
514,YOLOv10,person,0.96,48,163,604,479
514,YOLOv11,person,0.92,49,163,604,479
515,YOLOv10,person,0.95,46,163,606,479
515,YOLOv11,person,0.91,50,163,604,479
516,YOLOv10,person,0.95,46,163,606,479
516,YOLOv11,person,0.91,50,163,604,479
517,YOLOv10,person,0.95,42,162,606,479
517,YOLOv11,person,0.91,48,163,606,479
518,YOLOv10,person,0.95,40,164,604,479
518,YOLOv11,person,0.89,46,164,608,479
519,YOLOv10,person,0.95,40,162,605,479
519,YOLOv11,person,0.88,40,162,604,479
520,YOLOv10,person,0.95,20,163,609,479
520,YOLOv11,person,0.89,24,162,585,479
521,YOLOv10,person,0.95,42,164,613,479
521,YOLOv11,person,0.9,56,164,602,479
522,YOLOv10,person,0.95,56,161,610,479
522,YOLOv11,person,0.87,57,162,604,479
522,YOLOv11,scissors,0.68,337,128,436,352
523,YOLOv10,person,0.96,52,161,605,479
523,YOLOv10,scissors,0.93,344,119,440,345
523,YOLOv11,person,0.9,56,161,601,479
523,YOLOv11,scissors,0.9,342,121,440,345
524,YOLOv10,person,0.96,50,161,606,479
524,YOLOv10,scissors,0.92,348,117,442,343
524,YOLOv11,scissors,0.92,345,119,442,344
524,YOLOv11,person,0.9,54,160,600,479
525,YOLOv10,person,0.96,53,161,608,479
525,YOLOv10,scissors,0.94,349,118,445,344
525,YOLOv11,scissors,0.93,348,120,445,345
525,YOLOv11,person,0.92,58,161,598,479
526,YOLOv10,person,0.96,56,161,606,479
526,YOLOv10,scissors,0.95,349,116,446,345
526,YOLOv10,chair,0.54,12,415,114,479
526,YOLOv11,scissors,0.93,348,117,446,344
526,YOLOv11,person,0.92,58,160,598,479
527,YOLOv10,person,0.96,56,162,608,479
527,YOLOv10,scissors,0.95,352,117,448,347
527,YOLOv10,chair,0.56,13,415,116,479
527,YOLOv11,person,0.92,60,161,598,479
527,YOLOv11,scissors,0.92,350,120,449,347
528,YOLOv10,person,0.96,54,161,608,479
528,YOLOv10,scissors,0.96,352,116,449,348
528,YOLOv10,chair,0.55,13,415,116,479
528,YOLOv11,person,0.93,58,161,600,479
528,YOLOv11,scissors,0.91,350,117,450,347
529,YOLOv10,person,0.96,56,161,606,479
529,YOLOv10,scissors,0.95,352,116,450,348
529,YOLOv10,chair,0.66,13,415,116,479
529,YOLOv11,person,0.93,60,161,598,479
529,YOLOv11,scissors,0.91,352,117,452,348
529,YOLOv11,chair,0.51,13,416,596,479
530,YOLOv10,person,0.96,56,161,606,479
530,YOLOv10,scissors,0.95,352,116,450,348
530,YOLOv10,chair,0.66,13,415,116,479
530,YOLOv11,person,0.93,60,161,598,479
530,YOLOv11,scissors,0.91,352,117,452,348
530,YOLOv11,chair,0.51,13,416,596,479
531,YOLOv10,person,0.96,56,161,606,479
531,YOLOv10,scissors,0.93,353,116,450,347
531,YOLOv10,chair,0.61,13,415,116,479
531,YOLOv11,person,0.93,60,161,598,479
531,YOLOv11,scissors,0.91,352,116,452,347
531,YOLOv11,chair,0.54,13,415,594,479
532,YOLOv10,person,0.96,56,161,608,479
532,YOLOv10,scissors,0.93,353,116,450,347
532,YOLOv10,chair,0.6,13,415,116,479
532,YOLOv11,person,0.93,60,161,598,479
532,YOLOv11,scissors,0.92,352,115,452,347
532,YOLOv11,chair,0.64,12,416,604,479
533,YOLOv10,person,0.96,56,162,606,479
533,YOLOv10,scissors,0.95,352,117,450,348
533,YOLOv10,chair,0.6,13,415,116,479
533,YOLOv11,person,0.93,60,162,598,479
533,YOLOv11,scissors,0.91,352,117,450,348
533,YOLOv11,chair,0.52,13,415,594,479
534,YOLOv10,person,0.96,56,161,606,479
534,YOLOv10,scissors,0.95,352,117,449,348
534,YOLOv10,chair,0.58,13,415,116,479
534,YOLOv11,person,0.93,60,162,598,479
534,YOLOv11,scissors,0.92,350,118,450,348
534,YOLOv11,chair,0.51,12,415,596,479
535,YOLOv10,person,0.96,56,162,608,479
535,YOLOv10,scissors,0.93,350,117,449,349
535,YOLOv10,chair,0.54,13,415,116,479
535,YOLOv11,person,0.92,60,162,598,479
535,YOLOv11,scissors,0.91,350,119,450,348
535,YOLOv11,chair,0.54,13,416,594,479
536,YOLOv10,person,0.96,56,161,608,479
536,YOLOv10,scissors,0.94,350,116,448,348
536,YOLOv10,chair,0.52,13,415,114,479
536,YOLOv11,person,0.93,60,162,600,479
536,YOLOv11,scissors,0.92,350,117,449,348
536,YOLOv11,chair,0.53,12,416,602,479
537,YOLOv10,person,0.96,56,162,604,479
537,YOLOv10,scissors,0.95,350,116,448,348
537,YOLOv10,chair,0.59,14,415,116,479
537,YOLOv11,person,0.93,60,162,597,479
537,YOLOv11,scissors,0.92,350,117,449,348
537,YOLOv11,chair,0.57,13,416,594,479
538,YOLOv10,person,0.96,56,162,612,479
538,YOLOv10,scissors,0.95,350,116,448,348
538,YOLOv10,chair,0.5,13,415,114,479
538,YOLOv11,person,0.92,60,161,598,479
538,YOLOv11,scissors,0.92,349,118,449,347
538,YOLOv11,chair,0.54,12,415,594,479
539,YOLOv10,person,0.96,56,162,606,479
539,YOLOv10,scissors,0.96,350,117,448,347
539,YOLOv10,chair,0.53,13,416,114,479
539,YOLOv11,person,0.92,60,162,598,479
539,YOLOv11,scissors,0.91,349,118,449,347
540,YOLOv10,person,0.96,56,162,606,479
540,YOLOv10,scissors,0.95,350,116,448,347
540,YOLOv10,chair,0.56,13,415,116,479
540,YOLOv11,person,0.92,60,162,598,479
540,YOLOv11,scissors,0.91,350,116,449,347
540,YOLOv11,chair,0.54,13,415,594,479
541,YOLOv10,person,0.96,56,162,605,479
541,YOLOv10,scissors,0.95,352,115,448,346
541,YOLOv10,chair,0.56,13,415,116,479
541,YOLOv11,person,0.93,60,162,600,479
541,YOLOv11,scissors,0.92,350,116,449,346
541,YOLOv11,chair,0.51,12,415,596,479
542,YOLOv10,person,0.96,56,162,605,479
542,YOLOv10,scissors,0.95,352,115,448,346
542,YOLOv10,chair,0.56,13,415,116,479
542,YOLOv11,person,0.93,60,162,600,479
542,YOLOv11,scissors,0.92,350,116,449,346
542,YOLOv11,chair,0.51,12,415,596,479
543,YOLOv10,person,0.96,56,162,605,479
543,YOLOv10,scissors,0.95,352,115,448,346
543,YOLOv10,chair,0.67,13,416,114,479
543,YOLOv11,person,0.92,60,162,597,479
543,YOLOv11,scissors,0.91,350,116,449,346
543,YOLOv11,chair,0.54,13,416,596,479
544,YOLOv10,person,0.96,56,162,605,479
544,YOLOv10,scissors,0.95,352,115,448,346
544,YOLOv10,chair,0.56,13,416,114,479
544,YOLOv11,person,0.92,60,162,598,479
544,YOLOv11,scissors,0.92,350,116,449,346
545,YOLOv10,person,0.96,57,162,605,479
545,YOLOv10,scissors,0.95,352,115,448,346
545,YOLOv10,chair,0.56,13,416,114,479
545,YOLOv11,person,0.92,61,162,598,479
545,YOLOv11,scissors,0.92,350,115,449,345
545,YOLOv11,chair,0.61,13,416,594,479
546,YOLOv10,person,0.96,56,162,608,479
546,YOLOv10,scissors,0.95,350,115,448,345
546,YOLOv10,chair,0.54,13,415,114,479
546,YOLOv11,person,0.92,60,162,598,479
546,YOLOv11,scissors,0.92,350,116,449,345
546,YOLOv11,chair,0.61,13,416,594,479
547,YOLOv10,person,0.96,57,162,605,479
547,YOLOv10,scissors,0.95,352,114,448,344
547,YOLOv10,chair,0.55,13,416,114,479
547,YOLOv11,person,0.92,60,162,598,479
547,YOLOv11,scissors,0.92,350,114,449,344
547,YOLOv11,chair,0.56,12,416,596,479
548,YOLOv10,person,0.96,56,162,606,479
548,YOLOv10,scissors,0.94,352,114,448,344
548,YOLOv10,chair,0.55,13,416,114,479
548,YOLOv11,person,0.93,60,162,597,479
548,YOLOv11,scissors,0.92,350,114,449,344
548,YOLOv11,chair,0.53,12,416,594,479
549,YOLOv10,person,0.96,56,162,608,479
549,YOLOv10,scissors,0.84,352,113,448,343
549,YOLOv10,chair,0.5,13,416,113,479
549,YOLOv11,person,0.92,60,162,598,479
549,YOLOv11,scissors,0.91,350,113,449,343
549,YOLOv11,chair,0.59,13,416,593,479
550,YOLOv10,person,0.96,56,162,609,479
550,YOLOv10,scissors,0.94,352,113,448,342
550,YOLOv11,person,0.92,60,162,598,479
550,YOLOv11,scissors,0.9,350,113,449,342
550,YOLOv11,chair,0.59,13,416,594,479
551,YOLOv10,person,0.96,56,162,606,479
551,YOLOv10,scissors,0.93,352,112,448,344
551,YOLOv10,chair,0.5,13,416,114,479
551,YOLOv11,person,0.91,60,162,598,479
551,YOLOv11,scissors,0.9,350,113,448,344
551,YOLOv11,chair,0.58,13,416,593,479
552,YOLOv10,person,0.96,56,162,606,479
552,YOLOv10,scissors,0.93,352,112,448,344
552,YOLOv10,chair,0.5,13,416,114,479
552,YOLOv11,person,0.91,60,162,598,479
552,YOLOv11,scissors,0.9,350,113,448,344
552,YOLOv11,chair,0.58,13,416,593,479
553,YOLOv10,person,0.96,57,163,604,479
553,YOLOv11,person,0.89,60,161,601,479
553,YOLOv11,cell phone,0.52,344,132,414,351
554,YOLOv10,person,0.94,57,163,601,479
554,YOLOv10,chair,0.51,13,416,114,479
554,YOLOv11,person,0.92,61,163,605,479
555,YOLOv10,person,0.96,57,164,602,479
555,YOLOv10,chair,0.55,13,417,114,479
555,YOLOv11,person,0.93,61,164,605,479
556,YOLOv10,person,0.96,56,163,602,479
556,YOLOv11,person,0.94,60,163,604,479
557,YOLOv10,person,0.96,57,164,601,479
557,YOLOv11,person,0.94,60,163,604,479
558,YOLOv10,person,0.96,57,164,602,479
558,YOLOv11,person,0.94,58,164,604,479
559,YOLOv10,person,0.96,57,163,602,479
559,YOLOv10,chair,0.56,533,415,638,479
559,YOLOv10,chair,0.54,13,416,114,479
559,YOLOv11,person,0.93,60,163,602,479
560,YOLOv10,person,0.96,57,164,601,479
560,YOLOv10,chair,0.6,533,415,638,479
560,YOLOv10,chair,0.53,13,417,114,479
560,YOLOv11,person,0.94,61,164,602,479
561,YOLOv10,person,0.96,60,164,597,479
561,YOLOv11,person,0.93,61,164,597,479
562,YOLOv10,person,0.96,57,161,592,479
562,YOLOv10,chair,0.57,536,412,638,479
562,YOLOv11,person,0.94,58,160,592,479
563,YOLOv10,person,0.96,58,160,585,479
563,YOLOv10,chair,0.6,534,413,638,479
563,YOLOv11,person,0.93,62,160,584,479
564,YOLOv10,person,0.96,58,159,586,479
564,YOLOv11,person,0.93,64,159,586,479
565,YOLOv10,person,0.96,58,157,590,479
565,YOLOv11,person,0.93,60,157,589,479
566,YOLOv10,person,0.96,58,157,590,479
566,YOLOv11,person,0.93,60,157,589,479
567,YOLOv10,person,0.96,60,160,592,479
567,YOLOv11,person,0.94,61,159,592,479
568,YOLOv10,person,0.95,56,157,598,479
568,YOLOv11,person,0.93,58,157,601,479
569,YOLOv10,person,0.96,53,158,604,479
569,YOLOv11,person,0.93,57,158,601,479
570,YOLOv10,person,0.96,42,155,606,479
570,YOLOv10,chair,0.53,546,413,638,479
570,YOLOv11,person,0.93,41,155,605,479
571,YOLOv10,person,0.96,49,162,605,479
571,YOLOv11,person,0.93,54,163,602,479
572,YOLOv10,person,0.96,42,160,610,479
572,YOLOv11,person,0.93,41,160,612,479
573,YOLOv10,person,0.95,49,166,610,479
573,YOLOv11,person,0.93,53,168,609,479
574,YOLOv10,person,0.94,48,169,618,479
574,YOLOv11,person,0.94,45,168,618,479
575,YOLOv10,person,0.94,48,169,618,479
575,YOLOv11,person,0.94,45,168,618,479
576,YOLOv10,person,0.96,26,149,624,479
576,YOLOv11,person,0.95,26,150,625,479
577,YOLOv10,person,0.74,46,161,634,479
577,YOLOv11,person,0.92,44,164,637,478
578,YOLOv10,person,0.87,2,163,636,478
578,YOLOv11,person,0.79,8,165,637,478
579,YOLOv10,person,0.95,28,153,637,479
579,YOLOv11,person,0.94,29,153,638,478
580,YOLOv10,person,0.94,52,157,613,479
580,YOLOv11,person,0.93,50,159,616,479
581,YOLOv10,person,0.96,48,160,612,479
581,YOLOv11,person,0.93,45,159,617,479
582,YOLOv10,person,0.96,38,154,616,479
582,YOLOv10,couch,0.55,24,396,633,479
582,YOLOv11,person,0.93,36,154,616,479
583,YOLOv10,person,0.96,45,157,614,479
583,YOLOv11,person,0.93,46,158,614,479
584,YOLOv10,person,0.96,42,158,616,479
584,YOLOv11,person,0.93,44,158,617,479
585,YOLOv10,person,0.96,42,158,616,479
585,YOLOv11,person,0.93,44,158,617,479
586,YOLOv10,person,0.96,41,156,618,479
586,YOLOv11,person,0.93,41,157,618,479
587,YOLOv10,person,0.96,46,161,617,479
587,YOLOv11,person,0.93,50,161,618,479
588,YOLOv10,person,0.96,48,161,617,479
588,YOLOv10,couch,0.55,22,402,634,480
588,YOLOv11,person,0.93,46,161,617,479
589,YOLOv10,person,0.96,48,159,620,479
589,YOLOv11,person,0.94,48,159,618,479
590,YOLOv10,person,0.96,48,155,624,479
590,YOLOv11,person,0.92,53,155,622,479
591,YOLOv10,person,0.97,46,148,632,479
591,YOLOv11,person,0.94,46,150,629,479
592,YOLOv10,person,0.97,46,147,632,479
592,YOLOv11,person,0.94,49,148,629,479
593,YOLOv10,person,0.97,52,148,630,479
593,YOLOv11,person,0.94,53,148,629,479
594,YOLOv10,person,0.97,52,148,629,479
594,YOLOv11,person,0.94,53,148,628,479
595,YOLOv10,person,0.94,45,154,624,479
595,YOLOv11,person,0.91,49,152,622,479
596,YOLOv10,person,0.94,45,154,624,479
596,YOLOv11,person,0.91,49,152,622,479
597,YOLOv10,person,0.88,17,154,624,479
597,YOLOv11,person,0.89,20,148,625,478
598,YOLOv10,person,0.76,1,144,616,477
598,YOLOv11,person,0.59,1,140,614,479
599,YOLOv10,person,0.67,2,145,589,478
599,YOLOv11,person,0.82,0,152,592,478
600,YOLOv10,person,0.69,1,145,569,478
601,YOLOv10,person,0.56,2,134,560,478
601,YOLOv11,person,0.66,0,142,557,478
602,YOLOv10,person,0.73,2,147,562,478
602,YOLOv11,person,0.72,0,147,561,477
603,YOLOv10,person,0.75,1,178,574,478
603,YOLOv11,person,0.75,1,169,572,478
606,YOLOv11,person,0.53,12,327,558,479
607,YOLOv10,person,0.68,2,326,585,479
607,YOLOv11,person,0.72,4,326,565,479
608,YOLOv10,person,0.72,5,330,540,479
608,YOLOv11,person,0.66,4,330,536,479
609,YOLOv10,person,0.74,6,325,554,479
609,YOLOv11,person,0.7,6,325,550,479
610,YOLOv10,person,0.64,4,301,601,479
610,YOLOv11,person,0.64,9,302,566,479
611,YOLOv10,person,0.66,1,221,601,478
611,YOLOv11,person,0.83,0,218,620,478
612,YOLOv10,person,0.88,1,214,536,478
612,YOLOv11,person,0.88,1,212,605,479
613,YOLOv10,person,0.88,2,204,530,478
613,YOLOv11,person,0.91,1,205,532,479
614,YOLOv10,person,0.89,2,199,552,478
614,YOLOv11,person,0.89,1,198,622,478
615,YOLOv10,person,0.9,1,199,532,478
615,YOLOv11,person,0.89,2,197,624,478
616,YOLOv10,person,0.84,2,191,546,478
616,YOLOv11,person,0.89,2,191,628,478
617,YOLOv10,person,0.84,2,191,546,478
617,YOLOv11,person,0.89,2,191,628,478
618,YOLOv10,person,0.73,2,187,620,478
618,YOLOv11,person,0.91,1,186,626,478
619,YOLOv10,person,0.85,1,181,625,478
619,YOLOv11,person,0.9,1,182,626,478
620,YOLOv10,person,0.8,2,177,629,478
620,YOLOv11,person,0.87,1,177,626,478
621,YOLOv10,person,0.81,2,174,616,478
621,YOLOv11,person,0.9,0,175,633,478
622,YOLOv10,person,0.89,2,169,542,479
622,YOLOv11,person,0.9,0,167,626,479
623,YOLOv10,person,0.88,0,167,545,478
623,YOLOv11,person,0.9,0,164,557,479
624,YOLOv10,person,0.87,0,161,636,478
624,YOLOv11,person,0.92,0,160,637,478
625,YOLOv10,person,0.78,2,153,614,479
625,YOLOv11,person,0.86,0,155,632,479
626,YOLOv10,person,0.78,2,153,614,479
626,YOLOv11,person,0.86,0,155,632,479
627,YOLOv10,person,0.85,1,155,633,479
627,YOLOv11,person,0.73,1,156,581,478
628,YOLOv10,person,0.73,0,154,636,478
628,YOLOv11,person,0.9,0,155,637,478
629,YOLOv10,person,0.8,1,151,634,478
629,YOLOv11,person,0.85,0,151,634,478
630,YOLOv10,person,0.73,1,149,629,479
630,YOLOv11,person,0.88,0,149,638,478
631,YOLOv10,person,0.91,1,137,640,478
631,YOLOv11,person,0.89,0,147,638,478
632,YOLOv10,person,0.93,2,138,626,479
632,YOLOv11,person,0.83,0,150,638,478
633,YOLOv10,person,0.63,1,148,548,479
633,YOLOv11,person,0.87,1,150,548,479
634,YOLOv10,person,0.8,1,121,637,479
634,YOLOv11,person,0.89,0,154,637,479
635,YOLOv10,person,0.8,1,121,637,479
635,YOLOv11,person,0.89,0,154,637,479
636,YOLOv10,person,0.79,1,135,638,478
636,YOLOv11,person,0.91,0,150,636,479
636,YOLOv11,remote,0.52,244,71,402,477
637,YOLOv10,person,0.93,2,149,634,479
637,YOLOv11,person,0.88,0,151,630,479
638,YOLOv10,person,0.84,1,150,636,478
638,YOLOv11,person,0.89,1,152,568,479
639,YOLOv10,person,0.78,1,151,637,478
639,YOLOv11,person,0.89,1,153,566,479
640,YOLOv10,person,0.85,1,153,634,478
640,YOLOv10,remote,0.67,305,68,456,436
640,YOLOv11,person,0.87,1,152,637,479
641,YOLOv10,person,0.87,1,154,621,478
641,YOLOv11,person,0.88,1,154,637,478
642,YOLOv10,person,0.89,1,154,622,478
642,YOLOv11,person,0.9,1,155,633,478
643,YOLOv10,person,0.83,1,154,636,478
643,YOLOv11,person,0.91,1,155,636,478
644,YOLOv10,person,0.85,1,155,636,478
644,YOLOv11,person,0.9,1,156,637,478
645,YOLOv10,person,0.85,1,155,636,478
645,YOLOv11,person,0.9,1,156,637,478
646,YOLOv10,person,0.89,1,154,625,478
646,YOLOv10,bottle,0.59,317,62,472,438
646,YOLOv11,person,0.89,1,155,638,478
647,YOLOv10,person,0.87,1,154,636,478
647,YOLOv10,bottle,0.66,318,61,472,438
647,YOLOv11,person,0.9,2,155,632,478
648,YOLOv10,person,0.88,1,154,622,479
648,YOLOv10,bottle,0.77,318,61,472,439
648,YOLOv11,person,0.91,1,156,637,478
649,YOLOv10,person,0.89,1,155,608,479
649,YOLOv11,person,0.92,0,155,545,479
650,YOLOv10,person,0.86,1,155,630,478
650,YOLOv11,person,0.91,2,156,636,478
651,YOLOv10,person,0.87,1,155,626,478
651,YOLOv10,bottle,0.5,318,61,476,439
651,YOLOv11,person,0.91,1,156,634,478
652,YOLOv10,person,0.87,1,155,616,479
652,YOLOv10,bottle,0.52,318,61,477,440
652,YOLOv11,person,0.91,1,155,546,479
653,YOLOv10,person,0.88,1,155,616,478
653,YOLOv10,bottle,0.83,318,61,476,440
653,YOLOv11,person,0.9,1,156,633,478
654,YOLOv10,person,0.88,1,155,616,478
654,YOLOv10,bottle,0.83,318,61,476,440
654,YOLOv11,person,0.9,1,156,633,478
655,YOLOv10,person,0.87,1,155,630,478
655,YOLOv11,person,0.91,1,155,560,479
656,YOLOv10,person,0.83,1,155,636,478
656,YOLOv10,bottle,0.66,320,62,477,441
656,YOLOv11,person,0.91,1,156,633,478
657,YOLOv10,person,0.85,1,155,636,478
657,YOLOv10,bottle,0.53,320,62,477,442
657,YOLOv11,person,0.91,1,156,628,478
658,YOLOv10,person,0.88,1,155,626,478
658,YOLOv11,person,0.91,1,156,558,479
659,YOLOv10,person,0.88,1,155,625,478
659,YOLOv11,person,0.91,1,156,629,478
660,YOLOv10,person,0.85,1,155,636,478
660,YOLOv11,person,0.92,1,156,633,478
661,YOLOv10,person,0.84,1,155,634,478
661,YOLOv11,person,0.91,1,156,637,478
662,YOLOv10,person,0.7,1,154,636,478
662,YOLOv11,person,0.9,1,155,630,478
662,YOLOv11,remote,0.63,321,63,473,380
663,YOLOv10,person,0.7,1,154,636,478
663,YOLOv11,person,0.9,1,155,630,478
663,YOLOv11,remote,0.63,321,63,473,380
664,YOLOv10,person,0.75,0,105,636,480
664,YOLOv10,baseball bat,0.73,244,86,401,471
664,YOLOv11,person,0.82,0,86,636,479
665,YOLOv10,person,0.75,0,105,636,480
665,YOLOv10,baseball bat,0.73,244,86,401,471
665,YOLOv11,person,0.82,0,86,636,479
666,YOLOv11,person,0.84,0,155,640,479
666,YOLOv11,remote,0.79,193,124,361,461
668,YOLOv10,person,0.73,0,151,634,478
668,YOLOv11,person,0.88,0,154,545,479
669,YOLOv10,person,0.7,1,145,446,479
669,YOLOv11,person,0.83,1,138,540,479
670,YOLOv10,person,0.88,0,152,444,479
670,YOLOv11,person,0.92,0,151,544,479
671,YOLOv10,person,0.82,0,153,449,479
671,YOLOv11,person,0.77,0,153,534,479
672,YOLOv10,person,0.82,0,153,449,479
672,YOLOv11,person,0.77,0,153,534,479
673,YOLOv10,person,0.78,1,159,446,479
673,YOLOv11,person,0.74,0,158,638,478
673,YOLOv11,person,0.65,0,160,445,478
674,YOLOv10,person,0.56,0,163,440,479
674,YOLOv11,person,0.88,1,161,638,478
675,YOLOv10,person,0.62,1,165,616,479
675,YOLOv11,person,0.91,1,162,638,479
676,YOLOv10,person,0.51,0,166,434,479
676,YOLOv11,person,0.91,1,163,640,479
677,YOLOv10,person,0.51,0,166,434,479
677,YOLOv11,person,0.91,1,163,640,479
678,YOLOv10,person,0.75,0,160,436,479
678,YOLOv11,person,0.84,0,160,618,479
679,YOLOv10,person,0.65,1,154,636,479
679,YOLOv11,person,0.87,0,156,638,479
680,YOLOv10,person,0.55,1,159,630,478
680,YOLOv11,person,0.82,0,159,614,479
681,YOLOv10,person,0.55,1,159,630,478
681,YOLOv11,person,0.82,0,159,614,479
682,YOLOv10,person,0.65,0,154,613,479
682,YOLOv11,person,0.86,0,155,638,478
683,YOLOv10,person,0.88,0,156,550,479
683,YOLOv11,person,0.84,1,157,558,479
684,YOLOv10,person,0.53,0,154,468,479
684,YOLOv11,person,0.78,0,154,541,479
685,YOLOv10,person,0.53,0,153,476,479
685,YOLOv11,person,0.87,0,152,542,479
686,YOLOv10,person,0.53,0,153,476,479
686,YOLOv11,person,0.87,0,152,542,479
687,YOLOv10,person,0.66,0,146,489,479
687,YOLOv10,person,0.51,1,145,617,479
687,YOLOv11,person,0.75,0,146,521,479
688,YOLOv10,person,0.89,1,141,489,478
688,YOLOv11,person,0.82,0,140,528,479
689,YOLOv10,person,0.88,1,142,490,478
689,YOLOv11,person,0.78,0,142,489,479
690,YOLOv10,person,0.88,1,142,490,478
690,YOLOv11,person,0.78,0,142,489,479
691,YOLOv10,person,0.75,0,123,496,478
691,YOLOv11,person,0.9,0,123,528,478
692,YOLOv10,person,0.77,1,142,489,478
692,YOLOv11,person,0.88,0,142,488,479
